customer_id,customer_name,email,phone_number,address
10156,Richard Duarte,joshuadickson@example.net,989-659-8536x6822,"5037 Daniel Field
North Donnahaven, NC 80115"
10424,Nicole Ashley,dana07@example.com,+1-482-430-9207x138,"USS Larson
FPO AE 68961"
10363,Heather Bowen,ocarter@example.org,001-819-210-3766x88521,"7452 Lori Fall Apt. 003
North Hollyside, IA 85509"
10165,Eric Ross,penny82@example.org,703-708-8400,"941 Ruiz Unions Apt. 668
Brianfurt, IL 20470"
10112,Meghan Jackson,amyhoffman@example.net,758.599.1565x048,"119 Andrew Port Apt. 300
Juanhaven, DC 24805"
10080,Chelsea Hampton,bryan56@example.net,(642)579-4805,"4767 Christian Viaduct
Johnbury, RI 80816"
10496,Wayne Gordon,adrian64@example.net,2178784406,"36518 Donna Centers Apt. 408
Danielfort, RI 40394"
10476,Karen Perez,moniquemccarty@example.net,001-894-965-5799,"9466 Nicholas Club
Kathleenchester, NH 68088"
10161,Kimberly Diaz,charles94@example.net,2004194346,"32406 Tanya Walk Apt. 854
South Kristin, MA 27036"
10482,Erica Molina,laurahubbard@example.net,001-551-603-3887,"636 Jeffery Ford
Port Davidbury, GU 91685"
10466,Thomas Long,lopezrichard@example.net,+1-358-308-3675,"72520 Thomas Causeway
Williamsstad, WV 85793"
10180,Mary Peterson,meganreyes@example.net,(817)350-7681,"87306 Long Shores
Port Laura, AR 94818"
10255,Lauren Waller,jasonlang@example.org,709-810-6391x864,"USCGC Olson
FPO AE 25983"
10155,Miguel Kelly,javierwilson@example.net,+1-918-267-3329x73252,"7315 Mahoney Divide Apt. 213
Hendersonside, AK 71544"
10342,Jack Wood,brooksjames@example.org,848.393.6887x9494,"Unit 3369 Box 4897
DPO AP 38709"
10024,Laura Thompson,kristin84@example.net,(437)560-1949,"88487 Ramirez Center
Marcusmouth, MN 76288"
10147,Sarah Reyes DDS,pleach@example.com,433.238.3922,"2708 Carla Turnpike Suite 006
Kellyshire, OK 31019"
10171,Sara Mclaughlin,aguilarstephanie@example.org,6287618942,"PSC 5983, Box 6952
APO AA 82080"
10434,Monica Joyce,april18@example.org,476-394-5826x22106,"31459 Beard Course
East Juanville, AZ 37378"
10276,Jessica Miller,dalemartinez@example.net,+1-749-533-1359x83768,"9440 Jennifer Prairie Apt. 301
Saraville, WA 58705"
10314,Victoria Matthews,swansonrobert@example.org,001-862-694-5612x872,"57246 Garcia Island Apt. 685
Williamsside, AK 33974"
10015,Johnathan Walters Jr.,wrightanthony@example.net,549.379.6392,"6297 Watson Pines Suite 605
Colechester, NM 99063"
10425,Nancy Yates,alicia10@example.net,710.394.5514x5307,"78904 Mark Forks Apt. 707
Petersborough, SC 63477"
10395,Jason Williams,stewartjoann@example.com,+1-443-611-1913x07702,"343 Hicks Lodge
Lake Michaelberg, KY 99307"
10375,Michelle Walker,davidwagner@example.net,9379743085,"95686 Kimberly Ridges Apt. 819
New Gloriatown, GA 24920"
10118,Charles Johnson,brownjennifer@example.com,7962347697,"10673 Kelley Course Apt. 566
Charlesfurt, GA 31371"
10353,Jennifer Martinez,olong@example.org,497-718-8425x52688,"Unit 1913 Box 3870
DPO AA 41899"
10406,Charles Houston,mrandolph@example.net,(815)919-4846x05644,"68520 Johnson Streets
Maryburgh, VA 33042"
10459,Linda Crawford,benjaminmiranda@example.com,844-940-4577x4838,"15098 Schneider Village
North Billyburgh, AK 13056"
10215,Russell Terry,mary82@example.org,001-508-971-9001x630,"6187 Robinson View
Port Jennifer, KS 14403"
10264,Christina Turner,progers@example.org,741.809.2079x37076,"34188 Pitts Causeway Apt. 417
Odonnellbury, OR 77403"
10500,James Thompson,nicolas96@example.org,742.748.8280x6733,"111 Nicholas Land
East David, IN 41398"
10288,Lori Nelson,ijohnson@example.com,615-744-8629x463,"12981 Carl Knoll
Bairdland, ND 36032"
10458,Crystal Gray,fhouse@example.org,9776540651,"2599 Patterson Ridges Suite 218
Beasleyshire, KS 18168"
10427,Rachel Henderson,sonyasingh@example.net,+1-562-376-1122x9498,"61121 Ward Mountain Apt. 579
Lake John, NJ 76722"
10148,Benjamin Mitchell DVM,shirleyritter@example.org,6594411825,"990 Chelsea Crossing
West Anthonyberg, NJ 75405"
10322,Madison Kelly,sean35@example.org,348.532.9988,"00833 Kari Groves Apt. 408
Millerburgh, MD 47814"
10234,James Fuller,adamrich@example.com,(263)369-4460x07320,"14183 Kelsey Cliffs
Lake Spencer, SD 37140"
10430,Donald Allen,dominicmack@example.net,(420)347-5741x784,"4063 Brandon Knoll Suite 112
Cunninghamville, RI 31122"
10406,Ralph Henderson,donnatorres@example.org,(958)331-1927x438,"2249 Lee Courts Suite 299
West Jason, MA 66493"
10494,Brittany Salinas,dylanwright@example.com,+1-454-871-0141,"37478 Bradford Vista
Meyerfurt, WY 62078"
10128,Amber Harvey,jasminekeith@example.com,+1-836-369-4706,"575 Virginia Plains
Port Josephton, IN 27084"
10465,Mr. Peter Lynch,tyler15@example.com,001-523-213-2658,"PSC 4470, Box 0895
APO AA 28075"
10256,Lee Contreras,sandramcdaniel@example.com,458-837-7780,"155 Hammond Dale
Cortezshire, RI 38546"
10218,Samuel Mcdowell,dayshawna@example.net,395-893-3140,"Unit 3241 Box 9978
DPO AP 70616"
10217,Christopher Williams,marcusfrey@example.com,759-895-4982,"103 Joshua Pines Apt. 165
North Dawn, MT 62081"
10130,Travis Wood,brittanyedwards@example.com,7944717580,"1813 Jake Stravenue Suite 615
Port Craigmouth, NJ 30010"
10294,Sarah Williams,brooke32@example.net,001-491-844-3668x197,"700 Sullivan Forges Suite 034
Davidville, WV 98979"
10478,Shannon Martinez,stephanievazquez@example.com,(919)353-3398x4456,"21200 Kyle Corner Suite 513
Hernandezborough, LA 45481"
10429,Jonathan Lane,catherinebrooks@example.org,5393907545,"710 Hamilton Squares Apt. 844
North Rebeccachester, UT 38461"
10159,Kelly Johns,kellybecker@example.com,(508)208-1450,"54171 Mclaughlin Mountains Suite 955
Lake Laurentown, WY 34032"
10027,Veronica Keller,michael14@example.net,667-599-5752x306,"09464 Patel Oval
North Ronaldmouth, NY 56625"
10062,Johnny Mitchell,jacobwebster@example.net,6922833692,"658 Lara Manor
New Brian, AS 33219"
10215,Brenda Bridges,vreynolds@example.com,386.904.0022x55564,"PSC 9825, Box 1285
APO AP 71144"
10002,Mr. Brian Williams,meganzamora@example.net,2893020626,"7313 Colin Via Suite 667
Gabrielamouth, PA 65862"
10157,David Griffin,katie53@example.net,(773)834-7731,"408 Deleon Village Suite 122
Lake Gary, MI 42315"
10278,Sarah Pacheco,terri43@example.org,833-596-2280,"03498 Hayden Squares
Ramoshaven, PA 37545"
10286,Eric Wagner,pwatson@example.com,6777494826,"USS Randall
FPO AP 96154"
10331,Catherine Ho,xhawkins@example.org,001-724-462-2306,"4719 Lambert Orchard
Jasminemouth, FL 03445"
10305,David Cabrera,angela42@example.com,001-823-796-0744x2789,"48401 Kimberly Harbors Suite 871
Michelleland, HI 25685"
10075,Jeffrey Moody,jeremy71@example.net,+1-758-581-0996x3281,"USCGC Sutton
FPO AP 50405"
10232,Jesse Keith,lucasfoster@example.com,(356)633-2496x139,"7448 Edward Isle
Pinedastad, FL 95094"
10390,Melanie Hart,ljackson@example.com,(990)761-5565,"242 Dawn Square
Johnmouth, VA 31662"
10267,Chelsea Bender,warnerallison@example.com,744-315-9999x848,"474 Vanessa Lakes Suite 194
East Charleshaven, HI 61701"
10389,Kimberly Bruce,pollardrachel@example.com,(545)382-2308x95302,"691 Perez Port
North Kyleville, SC 15783"
10443,Sarah Blackwell,theresasandoval@example.org,398.384.5046x99441,"58405 Williams Dam Suite 879
Lake Kristamouth, ND 15353"
10170,Kendra Martinez,chapmanderek@example.net,(274)241-7826,"9259 Johnson Skyway
Haleyberg, MS 70199"
10037,Michelle Gutierrez,morriskenneth@example.net,001-661-351-2565x822,"657 Johnson Fork
West Jorgebury, NY 05256"
10043,Catherine Hayes MD,john32@example.net,001-737-587-4397x41353,"86459 Johnson Avenue
Copelandborough, CT 06060"
10460,Kyle Stone,baileymclean@example.org,001-607-403-8525,"5806 Robbins Route
Justinview, KS 17379"
10376,Jessica Smith,ggraham@example.org,927.251.6914x7215,"8345 Henry Squares
Port Williambury, ND 57770"
10026,Kevin Reed,steven01@example.net,001-738-548-3411x23296,"97123 Rebecca Point
Burgessville, WI 43144"
10479,Jamie Luna,sarah81@example.org,(201)333-6776x10904,"57864 Sanders Pass
Gatesshire, UT 57583"
10383,Dawn James,amy30@example.org,859-376-8352,"860 Estes Crossroad
East Patriciabury, DC 51660"
10146,Timothy Stafford,thomashobbs@example.org,2283857865,"PSC 9932, Box 7963
APO AP 04527"
10179,Kevin King,reginacampos@example.org,769.776.9118x79883,"0993 Hill Spurs
Jesseside, OR 89560"
10060,Kyle Brown,jason49@example.net,(514)809-6872x06247,"757 Scott Green
Annaside, GU 88563"
10488,Kristopher Sharp,donald32@example.net,+1-725-363-6162x63037,"4268 Michael Manor
Brentfurt, MN 13116"
10446,Cindy Simmons,john78@example.com,001-860-292-2352x5807,"PSC 0252, Box 6068
APO AE 34111"
10333,Devin Stevenson,chavezcarrie@example.com,243.494.0012x427,"6405 Clinton Isle Suite 191
New Daniel, OH 44225"
10454,Paige Miller,michaelallen@example.com,293.376.9483x025,"68727 Steven Grove
South Antonio, MA 88636"
10313,Kaylee Moore,djensen@example.com,318-871-9726,"47616 Braun Plain
Crystalhaven, OR 11506"
10206,Alexis Gray,pmoran@example.org,(917)601-3996,"46590 Patrick Crescent Suite 820
East Kari, MT 07093"
10138,Richard Paul,stephanieedwards@example.com,434-470-2932x78772,"995 Robert Heights Suite 724
New Timothy, MO 17242"
10240,Mark Patterson,darrell57@example.com,001-544-647-7397x501,"48123 Greene Common Apt. 398
New Anthony, PW 90789"
10211,Joseph Bryan,hartmanalyssa@example.org,936-995-9457,"3455 Tina Vista
East Josebury, VI 06812"
10106,Kyle Wells,eric22@example.org,640.815.1098x39792,"1478 Amy Underpass
Port Aprilside, AK 81135"
10182,Melissa Nelson,reneepena@example.net,274-804-3240x73792,"59154 Keith Turnpike
Brandystad, ME 48824"
10102,Jennifer Park,stephenharris@example.org,001-301-337-6164x9555,"059 Blake Orchard Suite 684
South Tim, LA 67093"
10029,Kristin Rush,cathycook@example.com,(202)543-9435x17798,"17976 Martin Viaduct Suite 814
Alexanderville, TX 58181"
10053,Michael Davis,lisarhodes@example.org,001-693-642-7018x92626,"0846 William Course Apt. 316
Walkerport, PW 39719"
10081,Maurice White DDS,jamie10@example.com,001-988-709-9245x598,"78986 Campbell Union Suite 851
Feliciaberg, AS 86138"
10222,Jeffrey Thompson,johnsontiffany@example.org,813-238-8842x196,"2559 Sandra Gardens
East Leslie, NH 17570"
10303,Jennifer Boyd,carsonrobert@example.org,(501)375-1947,"621 Miller Shore
West Pamela, NH 58935"
10149,Sarah Martin,vincentkimberly@example.com,(691)520-3994x676,"30132 Christopher Ferry Apt. 557
New Melissaside, WY 98591"
10472,Louis Hopkins,william79@example.net,(578)817-8090,"4104 Huffman Fords
West Brookestad, OR 41470"
10018,Michael Glenn,stephensonlaura@example.org,001-308-311-9771x19044,"USNV Mcbride
FPO AP 93336"
10232,Janet Potter,qmitchell@example.com,4723024109,"38810 Castillo Keys Apt. 770
Dawsonville, GU 73333"
10202,Sharon Dorsey,smckinney@example.net,(935)693-0426x52371,"047 Huerta Rest
West Mistyfurt, HI 77255"
10153,Matthew Stark,denise93@example.net,293-652-2556x9851,"PSC 8500, Box 0273
APO AA 48251"
10070,Timothy Morton,reyesjason@example.org,862.869.7738,"8897 Colton Island
Rayport, WY 38048"
10068,Dylan Zhang,lreed@example.com,913-675-5276x245,"221 Jamie Inlet
New Andrewchester, NH 19613"
10317,Nicholas Calhoun,dunnchristopher@example.com,250-835-7371,"61581 Brown Highway
South Markburgh, ND 35466"
10111,Vanessa Jones,pamela29@example.net,+1-978-410-0934x6209,"24168 Jones Summit Suite 327
Port Jamie, MN 56757"
10015,Corey Cline,matthewthomas@example.net,853-803-7090x5748,"898 Maria Summit
Theresafurt, CT 62514"
10351,Michelle Gibbs,samantha44@example.net,961.916.1645x505,"143 Dudley Glen Apt. 120
Jacquelinechester, AS 72050"
10413,Veronica Alexander,hdillon@example.net,604-844-7767,"Unit 0227 Box 2108
DPO AA 79296"
10019,Alexandra Roberts,shanson@example.org,+1-270-982-3020x88221,"60603 Reynolds Circles Suite 926
Guerraberg, OK 93400"
10005,David Taylor,pricejennifer@example.com,(289)988-8130x652,"582 Thomas Canyon
Charlesmouth, SD 75273"
10160,Jordan Wilkins,hgoodman@example.com,+1-967-575-3001x03729,"12938 Andrea Hollow
South Samantha, ME 05165"
10093,Maureen Miles,holly70@example.org,261-932-8003,"041 Kurt Mill Apt. 819
Amandabury, MH 36918"
10423,Angela Johnston,tbutler@example.org,450.989.3149x4113,"007 Thomas Flat
New Jimmyhaven, PA 33303"
10319,Whitney Williams,ataylor@example.com,470.719.9466x17179,"626 Sanchez Mountains
Jessicafort, NC 98815"
10114,Loretta Martinez,smithjonathan@example.org,001-956-350-2033,"64611 Thomas Manor Suite 748
Matthewside, WY 79992"
10424,Jerry Taylor,joycastillo@example.net,+1-441-842-5632x6705,"0925 Hogan Pass
East Justinmouth, DC 45459"
10249,Mary King,terri10@example.net,(714)643-1555x63346,"2230 Andrew Valleys Apt. 809
Leslieport, NH 07267"
10424,Benjamin Bell,alogan@example.net,460.669.8695x609,"9579 Charles Brooks Apt. 450
West Rebeccabury, GA 09765"
10361,Glenn Lang,johnchambers@example.com,249-768-7818x099,"78285 Madeline Garden
Julieton, VT 62754"
10156,Nathan Russell,zford@example.org,2448948494,"924 Nelson Oval
East Brandonburgh, PA 85956"
10351,Andre Simon,fitzgeraldholly@example.net,2064150369,"40480 Maria Trafficway Suite 242
Robertchester, PR 29504"
10102,Jesse Shaffer,johnnicholson@example.com,8694131245,"757 Watkins Ramp Suite 287
Grossmouth, PW 13414"
10147,Jason Morales,adamslauren@example.org,2297435524,"1263 Berger Groves
Diazfort, WI 56239"
10337,Morgan Reed,vegachristine@example.com,001-548-318-7597x835,"0043 Anderson Ferry Suite 169
Amandaport, ND 51618"
10100,Michael Guzman,wwallace@example.net,+1-392-587-3569x4488,"36107 Tara Station
Justinfort, CT 02887"
10392,Antonio Jackson,vaughnjonathan@example.com,(839)432-8344x79476,"83313 Jacob Street Apt. 974
New Edwardbury, GA 25452"
10391,Tyler Shannon,brownalan@example.org,+1-799-896-0046,"91932 Smith Hills Apt. 805
East Alexisshire, OR 88905"
10375,Amber Romero,wendymaldonado@example.net,+1-732-614-8090x5136,"95131 Fox Rest Apt. 179
Albertville, VT 61815"
10339,Kristine Le,casey79@example.com,253.686.8104,"Unit 0698 Box 0257
DPO AA 80284"
10198,Norma Adams,gsmith@example.net,595.614.9725,"5486 Kayla Burgs
East Patrick, PA 87263"
10247,Victoria Rich,jessica26@example.net,401.251.0429x472,"068 Troy Isle
Port Peter, FM 68002"
10138,Edward Schroeder,hillariel@example.com,272-251-7307,"USNS Dillon
FPO AE 16799"
10197,Edward Ramirez,pdrake@example.org,854-848-5161,"6724 Gordon Radial Suite 966
New Marcusstad, IL 17283"
10338,Antonio Burke,daniel28@example.net,(855)515-0301x540,"24339 Erin Viaduct
East Cynthia, PW 35644"
10074,Monica Scott,anthonyayala@example.com,001-312-490-1137x1118,"2493 Fitzpatrick Road Apt. 238
West Melissaland, CA 55249"
10006,Suzanne Cruz,hawkinsdarlene@example.net,735-766-8587,"1174 Matthew Court Suite 748
Tiffanyport, ME 77374"
10356,Jeremy Mcbride,mknight@example.com,381-283-6365,"483 Hunter Common
Kendraborough, ME 03000"
10237,Ashley Garcia,loriweeks@example.org,320-904-2263,"46035 Allen Circles
Glasshaven, MI 62065"
10303,Felicia Weber,ivan66@example.org,(738)681-7936x12609,"831 Stanley Mills
New Douglas, RI 40910"
10023,Robert Murphy,gail86@example.com,438.372.0289,"908 Brett Views
East Heidiport, WV 64138"
10296,Tiffany Tran,benjamin07@example.com,5827142925,"84403 Mark Skyway
South Brookeberg, GA 16150"
10429,Christopher Woodward,lisathornton@example.com,5454623827,"174 Christopher Valley
Martinview, NH 25547"
10454,John Tran,tiffanygraves@example.com,(701)427-9267,"07094 Thomas Stream Suite 864
North Tiffany, NJ 48239"
10195,John Stephens,annette50@example.org,001-266-798-9674,"854 Aaron Mount Suite 542
New April, SC 97983"
10296,Erik Garner,kgray@example.com,689.305.0959x274,"3977 Allison Island Suite 409
Christinashire, PW 43171"
10198,Victoria Richards,shermanpatricia@example.net,785-744-5160,"69232 Acosta Mill
Mortonton, AZ 38431"
10345,Marcus Crosby,christopher17@example.org,4975214668,"00648 White Hollow
Meltonshire, MH 53932"
10060,John Kerr,urichards@example.com,369.601.8647,"17234 Angela Light
South Brett, PR 48194"
10182,Gregory Brooks,sean20@example.com,+1-253-492-5088,"60858 Long Harbor
Bobburgh, NE 49394"
10137,Madison Larson,xwilson@example.net,882.228.9096,"Unit 8865 Box 7826
DPO AP 77126"
10273,Gregory Mays,martinezrachel@example.org,555-886-7533,"445 Fitzgerald Drive Suite 707
New Allison, IL 77122"
10476,Daniel Jimenez,jason61@example.net,(541)279-0970,"389 Anderson Wells Apt. 682
Shawnstad, MT 85953"
10104,Elizabeth Gonzalez,uwilliams@example.net,(950)423-4012x59482,"62906 Melissa Squares Apt. 363
South Craigview, AR 76182"
10166,David Jones,margaret78@example.net,727-414-5149x566,"327 Jason Summit
North Bradleyberg, MO 76192"
10311,Sarah Hawkins,dixondavid@example.org,363-228-6003,"3064 Perry Ridge Suite 645
Amandamouth, NH 93384"
10407,Jason Miller,louis88@example.net,503.420.3687,"0661 Raymond Crossing Suite 072
South Randy, OH 35752"
10462,Michael Smith,sullivanjennifer@example.com,(809)453-9129,"USNS Malone
FPO AP 70861"
10174,Sara Maxwell,ellismelanie@example.com,907.852.7786x81880,"5963 Traci Mount Apt. 658
South Brianfort, VT 47061"
10125,Elizabeth Munoz,johnrussell@example.com,507-629-6746,"18567 Bailey Valley Suite 878
West Mary, GA 56455"
10492,James Chavez,isabel59@example.com,565-681-5935x0238,"8877 Short Park
Dianetown, MO 50199"
10149,Mary Ramsey,herringcameron@example.net,001-748-237-4297x58727,"3272 Corey Loaf
South Donaldstad, PR 65915"
10270,Terri Bailey,christopherbarber@example.net,379.475.3716x036,"0996 Edwin Mews Apt. 648
New Charles, MI 96032"
10225,Hector Alvarado,kristijacobs@example.com,(915)866-4439,"18041 Latoya Ville Suite 050
Walkerville, DE 09892"
10278,Christopher Phillips,staceywilliams@example.com,(254)542-1063x50158,"27820 Hutchinson Corners
Nelsontown, SD 16828"
10006,Michelle Webb,jkim@example.com,240-397-8020,"7231 Cindy Plains Apt. 508
West Elizabeth, AZ 44492"
10148,George Gonzalez,christopherfoster@example.org,+1-791-317-1543x606,"74709 Smith Valleys Apt. 447
Brianberg, SD 20460"
10129,Matthew Reynolds,washingtonnancy@example.com,743.357.6340x144,"803 Williams Village
East Angelicaton, ID 04895"
10170,Jason Nicholson,kschaefer@example.net,001-752-736-0533x27671,"7795 Smith Grove Suite 455
New Pamelaland, SC 65428"
10303,Christine Phillips MD,tim29@example.org,001-743-736-2179x1066,"USNV Stephens
FPO AE 29382"
10451,Lauren Brown,jeremy26@example.net,333.349.2742x3989,"9959 Kenneth Heights Suite 554
West Cynthia, MT 29863"
10398,Jesse Palmer IV,danielemily@example.org,247.450.5240x98316,"866 George Burg Apt. 493
Morsetown, MH 10280"
10219,Susan Mcbride,sabrinanixon@example.net,(384)233-1229,"USNS Matthews
FPO AE 90540"
10295,James Mitchell MD,dhughes@example.net,(249)521-1372x045,"113 Walters Light Suite 969
Ericksonton, IL 37674"
10121,Matthew Scott,alvaradosara@example.com,583-857-8723,"PSC 9963, Box 2048
APO AE 20042"
10486,Katrina Torres,ejohnson@example.net,2427707892,"8216 Jefferson Islands Suite 286
New Courtney, HI 41281"
10274,Evan Booker,danielle38@example.com,832.524.6192x3689,"084 Powers River
Gonzalezside, WV 43367"
10256,Dr. Raymond Martin,freybrandon@example.net,001-273-927-2862x89740,"8329 Miller Prairie Suite 510
Andersonview, MD 20791"
10357,Ronnie Frey,stephen56@example.net,807-522-2752x03466,"92984 Smith Pines
Port Justin, AZ 80213"
10104,Madison Kelley,derekjackson@example.com,+1-790-646-5015x742,"6648 Jessica Vista
Johnland, MS 96702"
10337,Ashley Maldonado,ndeleon@example.net,(425)800-1233x90237,"674 Manning Fords Apt. 602
Bakerbury, CA 38888"
10030,Christine Moore,davidjordan@example.net,+1-612-379-3792x2832,"67396 Danielle Stream Suite 360
Jennyhaven, NC 77750"
10316,Amanda Morris,davidmcgrath@example.com,952.394.6153x04731,"158 Shaw Crescent
Mcdonaldville, NV 49959"
10436,Stephanie Levy,yspencer@example.org,(776)585-0708x246,"6818 Sharon Ridges Apt. 551
Billport, MT 56264"
10381,Michelle Williams,david76@example.org,(759)768-4218x3449,"38912 Edward Manors
New Tinaborough, AR 30477"
10005,George Robinson,mhayes@example.net,697-520-3410,"9351 Dustin Gateway
East Michele, LA 74239"
10383,Nathaniel Cameron,lmays@example.com,892-868-9489x5701,"4686 Wong Stream Apt. 081
New Michaelville, CO 45018"
10138,John Duran,tallen@example.org,(487)394-4155,"0978 Watkins Forks Apt. 689
Colinmouth, MO 75124"
10246,Sandra Ho,oelliott@example.com,001-279-276-7737x9716,"5773 Williams Place
Port Dianafort, NY 65793"
10413,Jasmine Mckee,webbhector@example.org,+1-590-309-2999x797,"62678 Phillips Route
Leeberg, PA 75363"
10254,Alyssa Alvarado,danielbarber@example.org,001-686-544-9676x90994,"8935 Amanda Fork Suite 509
North Maryberg, GA 75684"
10140,Stanley Phillips,cphillips@example.net,(966)891-9725,"828 Nichole Valley Apt. 844
Jessicaland, PA 81849"
10109,Sarah Kelly,ann29@example.org,+1-216-731-0098,"26595 Autumn Rue
Kathleenchester, OH 46782"
10452,Dr. Mark Ferguson,nathanbernard@example.net,+1-241-263-6968x2296,"448 Thomas Junctions Apt. 992
Jefferychester, SD 90564"
10421,Robert Hawkins,lclark@example.net,9119169826,"71395 Alexandra Island
Dianahaven, FL 58555"
10262,Christopher Herrera,amanda03@example.com,001-953-668-8757,"09619 Castillo Passage
New Laurieport, CT 07364"
10298,Kelly Mcknight,andrewroman@example.com,001-802-357-4196,"Unit 5184 Box 8827
DPO AP 76404"
10211,Corey Hicks,dominiccobb@example.net,(623)569-8764,"109 Evans Brooks Apt. 022
Brianport, WA 94315"
10398,Kelly Mclean,shaunmoreno@example.net,+1-443-270-8425x7720,"43213 Barber Parkways
South Davidstad, MO 06883"
10108,Philip Thomas,bsmith@example.org,(486)477-3019x248,"47610 Chang Loaf Suite 629
Reyeschester, IA 02061"
10163,Michael Wiggins,amber04@example.net,517-825-6151x2428,"PSC 3005, Box 7701
APO AP 29678"
10196,Michael Reynolds,johnsontara@example.org,+1-354-524-3116x791,"82258 Farmer Fork Apt. 665
North John, RI 98063"
10375,Anthony Gay,jennifercervantes@example.org,+1-715-876-6611,"52917 Salas Flat Apt. 906
Lake Michaelstad, IN 47850"
10002,Tracey Fox,normanleonard@example.net,001-640-466-6985x33835,"88956 Arnold Cliffs
Greeneland, SD 75418"
10123,Glenn Burton,romanjames@example.net,724.989.2975,"467 Nancy Islands Suite 733
Nielsenmouth, CT 18291"
10182,Tanya Hill,fordpaul@example.net,001-843-305-0028x5633,"784 Emily Stream
Lake Brian, NY 53874"
10340,Brittney White,jose91@example.org,001-798-458-0360,"3167 Duncan Port Apt. 028
North Josephberg, NJ 85043"
10095,Clinton Sparks,walkerjames@example.com,+1-536-415-8038x0232,"PSC 4612, Box 8958
APO AA 21248"
10333,Caroline Silva,georgejeffery@example.net,564-339-7693x167,"95529 Mary Ways
Port Kevinside, AL 48750"
10085,Shawn Morales,akennedy@example.net,(771)301-3730x094,"3072 Neal Island Apt. 805
Martinview, VA 82880"
10182,Alicia Salas,kimberlyharris@example.com,375.691.7325,"75849 Medina Key
Myersbury, HI 53024"
10477,Nancy Moreno,mary36@example.org,001-732-299-1486x047,"63241 Denise Springs
Acostaport, VI 41985"
10136,Rachel Evans DDS,barnettsherri@example.net,672.219.4767x46491,"888 Gary Green Apt. 086
Stevensside, AL 56468"
10153,Deborah Collins,marycraig@example.com,812-904-1827,"200 Michele Lodge Suite 361
East Mariaside, TX 47548"
10013,Sandra Drake,makaylabrown@example.net,897-792-4232x35248,"4175 Rebecca Greens Suite 447
Brewerborough, IN 59934"
10092,Rachel Roman,ryan24@example.com,262-214-7554x109,"387 Avila Lake Suite 445
Gentrytown, DE 25510"
10391,Tracy Oliver,patrickderrick@example.com,844-287-0234,"51262 Derrick Summit
Amandaview, CA 17962"
10244,Sharon Fowler,annharrison@example.com,571.873.4203,"05944 Nichols Passage Suite 893
South Martinmouth, UT 34390"
10044,Matthew Peterson,mcdonaldpaul@example.com,535-253-6581,"502 Laura Cliff
Allenmouth, GU 63589"
10151,Peter Colon,millerlisa@example.net,9506714739,"237 Patrick Lane Apt. 175
North Lisaborough, MT 66486"
10033,Bryan Mccann,danielgraham@example.net,001-740-276-5933x507,"458 Justin Center Apt. 912
Natashachester, NC 35902"
10229,Karen Morrison,agregory@example.org,652.485.7040x6167,"0653 Brittany Well
Patriciabury, MT 53747"
10095,Ashley Moss,robertkelley@example.com,(545)567-5538,"20632 Jonathan Walks
West Timothytown, VI 76335"
10252,David Reed,michellelove@example.com,(994)346-8915,"1782 Anderson Ridges Suite 562
West Omar, NM 95277"
10152,Susan Beck,mariehernandez@example.net,001-926-667-5673x31215,"030 Robertson Station
Ryanfurt, DE 57851"
10199,Annette Reynolds,gholland@example.org,589.558.5300,"PSC 0743, Box 0130
APO AP 53008"
10453,Wendy Bailey,robert53@example.com,(774)891-3134,"6131 Williams Mews Suite 094
Lake Andrewburgh, CA 99318"
10109,Michael Merritt,dalesmith@example.org,001-352-884-0426,"9247 Brock Rapids Suite 294
Port Levi, IA 87336"
10335,Teresa Fernandez,rebeccagregory@example.org,960.918.9916x69361,"6807 Moore Lakes
East Kaitlin, ME 77891"
10141,Richard Wright,bwilson@example.net,+1-898-435-9156x579,"690 Lopez Pine Apt. 303
Lake Michaelmouth, ID 38323"
10491,Samantha Kelly,valerie12@example.org,(367)415-6181,"312 Cindy Well Apt. 880
North Jaredbury, UT 11589"
10293,Rachel Duncan,eguerrero@example.net,(279)769-5399,"962 Nicole Hills Apt. 823
Reidtown, MN 90013"
10113,Andrea Brown,crystaljones@example.net,001-490-829-7062x763,"44988 Hansen Landing
South Matthew, TN 12478"
10495,Robert Ross,rpatel@example.org,(592)459-7503x623,"Unit 7612 Box 2643
DPO AA 28204"
10410,Mary Wallace,deansydney@example.net,(327)498-1861,"1484 Sheri Key Apt. 935
Lake Debbieburgh, NJ 25180"
10471,Bryan Hamilton,nicholasturner@example.net,3212669687,"08071 Lindsay Park
Valdezberg, IL 74366"
10034,Michael Long,hannah10@example.org,(218)543-4922x2021,"4348 Curtis Keys
Markshire, OH 87841"
10386,Rodney Lopez,stuartwilliam@example.net,560.669.8742,"357 Stefanie Parks Apt. 623
Taylorport, AZ 99538"
10005,Jacob Benson,ebrown@example.org,(927)905-5506,"5812 Gary Parks Suite 449
North Ashleyshire, RI 13374"
10071,Steven Lewis,ebony41@example.com,001-413-520-7766x822,"051 Allison Groves Apt. 092
Bellbury, OH 10886"
10082,Danielle Robinson,elawson@example.net,283-316-1714,"24924 Morris Springs Suite 617
Travishaven, DE 25857"
10415,Dustin Jackson,zmiller@example.org,+1-416-475-8366x33591,"647 Brown Forks Apt. 050
West Amanda, VT 02214"
10166,David Berry,mirandabennett@example.com,(943)469-3159x28850,"9372 Armstrong Club
New Timothyport, SC 19218"
10216,Stacy Ellis,hallandrew@example.com,(992)527-5660x10648,"43556 Donald Meadows Apt. 190
Laurieville, ME 57815"
10134,Victoria Patterson,andersontommy@example.net,+1-773-317-4146x25935,"4355 Schultz Corner Suite 427
Molinatown, AL 01299"
10060,Keith Farmer,robert91@example.com,+1-499-917-8235x710,"5297 Arellano Lock Apt. 202
North Jasontown, TN 21364"
10328,Thomas Kim,veronica32@example.net,+1-311-307-7424x5307,"PSC 9984, Box 3506
APO AA 23717"
10063,Melissa Moore,simskatie@example.org,493.489.6306,"574 Ochoa Vista
Colleenview, NJ 17301"
10166,Michelle Davis,monica12@example.net,962.611.8778,"12506 Martinez River Apt. 138
West Katherine, AK 02286"
10266,Corey Green,robert90@example.net,(684)484-7830,"279 Ryan Valleys Suite 577
North Justinbury, WA 66885"
10144,Margaret Roberts,kathryn22@example.net,(460)452-8274,"7557 Lynn Mills
Davidside, NV 51541"
10402,Bruce Harris DDS,qperez@example.net,324.696.2524,"41285 John Flat Apt. 101
Loganmouth, AR 38462"
10416,Jessica Willis,fletchernorman@example.com,(732)923-7285x057,"66663 Amanda Via Suite 828
New Kathryn, MO 12823"
10455,Beverly Luna,karinarogers@example.com,749-333-9023x4588,"06964 Gabriel Forks
New Williammouth, SD 00953"
10267,Steven Kelly,charles91@example.org,001-786-558-6652x06770,"836 Tracy Crossroad Suite 797
Mccarthyfort, WY 74516"
10257,Abigail Maldonado,craig58@example.com,(713)880-7728,"0582 Dustin Fork
Port Erin, NH 69697"
10290,Tasha Goodman,kli@example.net,(619)231-6104,"0638 Jimmy Course Apt. 865
Kyleport, GA 11568"
10181,Mr. Xavier Dean MD,kritter@example.net,408.716.1867,"612 Martin Keys
Vegastad, NV 44726"
10187,Benjamin Martin,zbryan@example.com,795-944-1401,"6021 Miller Flat Apt. 136
Williamstown, NY 19343"
10180,William Shepherd,garciaglenn@example.net,+1-618-676-2862x2850,"USNV Fitzpatrick
FPO AE 89914"
10366,Dawn Morton,rodriguezcurtis@example.com,001-888-375-0314x368,"36663 John Meadows
Mathewhaven, VA 06851"
10481,Kristina Lewis,smithtimothy@example.org,4682249080,"943 Nixon Shores
North Wesleybury, NH 75106"
10093,Patrick Hamilton,johnsonelizabeth@example.org,641.528.9283x184,"351 Kramer Mount Suite 582
Whiteberg, NE 50224"
10363,Allison Roberts,kingeric@example.com,001-393-210-9550x469,"5430 Nicholas Neck
Lake Kathryn, IL 16507"
10478,Alexandra Carter,diazangela@example.com,+1-598-905-2612x451,"6998 John Station
East Jamesstad, OR 43009"
10436,Andrea Hernandez,nathan26@example.org,(653)459-3120,"9440 Matthew Gateway
South Jorgeport, AZ 84982"
10403,Tracy Pittman,morganshane@example.com,001-536-388-7661x05164,"2184 Martin Common
Gardnerville, LA 74617"
10443,Douglas Jefferson,edwardsjustin@example.org,+1-332-935-1794x0174,"26138 Robert Spurs
Geraldville, WV 76145"
10198,Teresa Bennett,jack63@example.org,813.682.2595x00571,"403 Elizabeth Flats Suite 224
Riveramouth, NC 74182"
10011,Eric Sutton,morrisandrew@example.org,3246782839,"0692 Michael Mission Suite 376
Keithborough, MH 68051"
10194,John Harris,joel18@example.net,9573140409,"5587 Brittany Mill Apt. 935
Oconnorshire, DE 60123"
10175,Brandi Webb,amyallen@example.net,625.242.6045x887,"66816 Davis Crossing
Rebeccaland, GA 91556"
10077,Stephanie Garrett,craig22@example.org,+1-922-268-8401x488,"25542 Meredith Plaza Suite 620
Lake Jason, ME 20045"
10026,Scott Estrada,gutierrezlisa@example.net,+1-632-320-2647x973,"6288 Donald Summit
Jenniferside, VI 92343"
10183,Devin Graves,xpreston@example.com,+1-885-220-5836,"0276 Hill Knoll
Kevinview, MP 76168"
10367,David Davies,hernandezcraig@example.net,(761)743-9303x231,"489 Melissa Plains
West Amanda, UT 80548"
10354,Todd Duncan,tara08@example.com,318.479.0413x675,"6063 White Cliff
Gutierrezview, HI 92813"
10129,Nicole Smith,vcrawford@example.org,001-485-492-3094,"54232 Nelson Estate Suite 873
Holtfurt, CT 76826"
10098,Seth Beck,murphychristopher@example.net,(230)562-4702x69433,"199 Melinda Gateway Apt. 611
Port Susanmouth, NC 71128"
10392,Joshua Villa,theodorejohnson@example.org,001-625-660-1002,"298 Jason Gardens
North Christy, MP 63827"
10059,Michael Stewart II,edwardprice@example.org,220.642.7476,"461 Shannon Ramp Apt. 197
Lake Jamieton, WI 00793"
10403,Chad Robles,colton54@example.org,(767)962-6709x7753,"75080 Harper Mountains Suite 066
Lorettaview, OH 05649"
10179,Rodney Perry,hernandezlinda@example.org,001-398-721-9045,"1142 Janice Islands Suite 006
West Matthew, VT 46823"
10131,Allison Johnson,chendaniel@example.org,(423)206-1082,"56919 Anthony Overpass Suite 060
North Alexis, ID 43112"
10219,Rebecca Richards,pwilliams@example.net,934-846-0893,"5412 Mary Junction Suite 445
East Matthew, PR 48229"
10050,Anthony Anderson,nrussell@example.org,951.704.6390x824,"3121 Watson Vista Suite 408
Ortizbury, MS 54588"
10199,Ashley Malone,linda72@example.net,990-712-2347,"475 Meghan Crescent Suite 657
Rickystad, FM 96296"
10225,Denise Smith,amanda29@example.net,(313)935-8340x074,"4415 Smith Mountains Suite 446
Kimberg, KS 61916"
10034,Brenda Vargas,michael47@example.net,+1-925-974-8755x413,"PSC 1382, Box 9744
APO AA 86911"
10384,Laura Garcia,simsheather@example.org,001-607-401-7265x37132,"0208 Linda Islands
Nathantown, NJ 92544"
10133,Gary Taylor,chelsea06@example.com,001-616-571-8182x7026,"USS Davis
FPO AE 14413"
10020,Jason Rogers,harrisdonald@example.net,497.940.2928,"52815 Martin Locks
East Marioborough, NC 97259"
10161,Sarah Clark,gshannon@example.net,215.476.8906x068,"2454 Hansen Squares
Harrisonstad, IL 46215"
10224,Amy Stewart,hannahstewart@example.net,(606)421-9013,"991 Mitchell Row
West Annechester, MA 98211"
10008,Elizabeth Patterson,griffinlauren@example.net,519.310.0174x46992,"14594 Hernandez Highway Suite 603
Rodriguezville, MI 73242"
10255,Nicholas Hodges,cchandler@example.net,832-258-9609x6410,"76489 Christopher Avenue Suite 624
South Danieltown, KS 45584"
10493,David Robbins,greenetony@example.org,(374)278-0254x312,"982 Hernandez Parkways Suite 578
Lake John, KY 86845"
10089,Greg Evans,adavis@example.com,924.507.3696,"294 Cassandra Junction
Laneview, IA 95009"
10267,Matthew Mitchell,staceycochran@example.org,351.479.4800x8357,"232 Krystal Inlet
Cynthiabury, TX 71688"
10021,Anthony Ortiz,cabreraraymond@example.org,001-701-304-7308,"47727 Chambers Squares
East Gregory, FM 62786"
10420,Mitchell Watkins,vgeorge@example.org,+1-920-623-6034x73847,"11531 Merritt Stravenue
Lewishaven, AK 07514"
10349,Jeremy Ellis,cynthiasandoval@example.org,361-423-0928,"0518 Miller Common
New Heidi, AZ 87534"
10306,Lisa Baldwin,codypeters@example.net,623-447-0734,"592 Jack Pines
Williamsfort, SC 19397"
10169,Anthony Stephens,michaeljones@example.net,001-301-350-2724x70814,"44071 Preston Trace
Lake Brianabury, NH 18007"
10050,Roberto Gray,melissa51@example.net,560.541.5071x79505,"850 Patrick Views
Youngborough, IN 61882"
10180,Danielle Hall,zachary54@example.org,802.375.7810,"095 Browning Cape
Lake Daniel, OH 35163"
10080,Erin Murillo,eatonthomas@example.net,+1-649-823-4416x3044,"4484 Taylor Road Apt. 280
Tammybury, OK 01417"
10482,Kevin Davis,loribowen@example.net,+1-612-358-6781x23431,"0711 Henry Ports Suite 723
Mccarthyfort, PA 29313"
10019,Kimberly Ferrell,kellycharles@example.org,(867)912-2910x815,"7902 Jackson Run Apt. 642
West Daniel, WI 98091"
10475,William Marquez MD,danielcobb@example.org,536-901-1437x6989,"435 Karen Tunnel
West Rickyville, TN 30387"
10478,Vicki Simon,allenmark@example.com,(338)849-0398x45443,"86310 Hicks Roads Suite 135
South Erinport, VA 53448"
10177,Renee Lewis DVM,stephanie22@example.org,+1-564-507-3454x99727,"36612 Robert Dale
Jonesmouth, NJ 82251"
10324,Jay Owens,lmueller@example.com,700-876-1299,"6033 Wanda Parkway
Lopezland, MS 52986"
10249,Christian Rojas,rjones@example.com,001-930-444-9252,"121 Daniel Keys Apt. 573
Mendozamouth, OK 76867"
10192,Briana Sanders,briansmith@example.org,+1-653-408-6563x36786,"3943 Robertson Rue
Brenthaven, SD 61552"
10132,Stephanie Taylor,stephenhall@example.net,394.558.7501,"35593 Ryan Forks
New Yvonnemouth, VI 18256"
10168,Troy Vasquez,philipfrost@example.net,238.911.3231x957,"70965 Beth Prairie
North Amandatown, PR 84298"
10233,Colin Fitzgerald,rachael79@example.org,(944)852-4406,"2492 Williams Lakes
Onealburgh, HI 85075"
10114,Peter Aguilar,bendershelly@example.org,535-458-6505,"182 Deborah Unions
East Tannershire, VT 69074"
10342,Linda Hopkins,brooke68@example.com,845-215-1115x6276,"76451 Joshua Oval
South Rhonda, DE 89578"
10031,Gloria Leach,raymondthompson@example.org,001-350-997-5447x12773,"1283 Avila Knolls Suite 813
Cruzfurt, NE 23373"
10309,Elizabeth Clarke,kbarnes@example.org,001-275-787-1232x21681,"51613 Clark Dam Suite 151
West Pamela, OK 36155"
10468,Patty Alvarado,danielhicks@example.net,+1-279-465-8591x737,"10164 Chelsea Pike
Katiehaven, HI 26188"
10350,Shannon Martin,williamholland@example.org,687.646.2419,"41359 Knox Lake
Lake Sheilaborough, KS 16539"
10114,Michele Vega,rivasmichael@example.net,+1-506-485-2427x178,"3883 Evans Keys Apt. 594
Taylorville, WV 12603"
10424,Laura Key,theresacollins@example.net,+1-396-296-1629,"45868 Brittney Ports Apt. 600
Jonesport, IN 64425"
10061,Daniel Frey,zstewart@example.net,901.351.4616x102,"9112 Williams Landing Suite 123
South Raymond, VI 76526"
10333,Kevin Johnson,qmitchell@example.org,+1-556-731-2291x163,"81034 Erik Mall Suite 624
North Kevintown, OK 37268"
10143,Edward May,paul52@example.net,732.422.6578x8668,"5135 Jacob Burg Suite 346
Port Gailberg, MO 46161"
10251,Hector Jordan,afuentes@example.org,964-896-8510,"4352 Bobby Turnpike
West Lisa, CT 34682"
10161,Michael Williams,kent95@example.net,815.942.0796x75238,"9837 Jonathan Loaf Apt. 010
South Phillipland, VT 52760"
10026,Alyssa Marks,brianclark@example.com,001-756-982-4378x41050,"19930 Vasquez Parks Suite 715
West Darlenebury, NM 94781"
10368,Deanna Riley,theresagarcia@example.org,+1-372-836-0977x168,"7173 Steve Plaza
Jackberg, KS 97917"
10489,Thomas Weaver,abigail15@example.org,2592493385,"9154 Sullivan Forges
Longmouth, SD 93726"
10095,Michael Lang,nandrews@example.net,+1-597-971-9899x7535,"90732 Glover Station
Port Justin, IN 37137"
10143,Rebecca Jones,ralvarez@example.com,+1-609-382-7074x4916,"4032 Norton Summit
Codytown, MT 95140"
10365,Kim Edwards,michelle66@example.net,(776)881-2471,"USNS Leonard
FPO AA 41391"
10025,Kevin Strong,gina37@example.net,(787)770-2249x93088,"USS Wang
FPO AA 47545"
10315,Douglas Blackwell,badams@example.net,(909)526-9789x30557,"PSC 3460, Box 0247
APO AP 29489"
10465,Shannon Wells,larryedwards@example.net,001-889-424-0672,"857 Reginald Way
Christopherborough, HI 27395"
10462,Stacy Brown,rebeccakelly@example.com,736.334.0081x9907,"6966 Michelle Ways
West Robertland, OK 47044"
10050,Dennis Simmons,vdavis@example.net,585-676-1218x4603,"76850 Nicholas Lake
Jasonbury, KY 58059"
10288,Jamie Castillo,smithnicholas@example.org,2359568819,"331 Tiffany Hill
New Yolanda, KY 61546"
10183,Alyssa Owens,williamsjesse@example.net,001-456-331-8805x4304,"773 James Cove Suite 075
West Joshuaville, OR 54908"
10491,Trevor Beasley,criley@example.net,419-834-8043x258,"6221 Mary Groves
New Ashleymouth, WV 04235"
10135,Amy Cooper,fmills@example.org,263-981-8826x7175,"47769 John Dam Suite 672
Lake Vanessa, MD 22979"
10065,Harold Moore,sharon08@example.org,282-622-9242x427,"5347 Alexander Creek Apt. 072
South Jessica, CT 83778"
10325,Laura Cox,isaacpatel@example.org,4605478594,"3213 Brennan Circles Apt. 597
Jenniferborough, ND 67592"
10415,Jeremy Riley,ugutierrez@example.org,(324)214-5043x241,"94023 Sheryl Mall Apt. 283
Jenkinsbury, VT 22088"
10027,Lisa George,angela23@example.net,001-506-508-9869x67787,"33798 Hughes Plain
Lake Michael, UT 32242"
10290,Haley Olson,william61@example.com,(302)533-4147x89518,"458 Douglas Green
North Alanside, AK 12780"
10488,Thomas Shelton,belllinda@example.net,001-663-231-8611,"3986 Sarah Course Apt. 398
Port Nicole, MD 46866"
10293,Brian King,hansonroger@example.com,445-706-7316,"397 Martinez Cliff Suite 700
North Luis, AZ 49831"
10067,Justin Perez,nicholas74@example.net,998-510-4401x1102,"0182 Victoria Motorway
Allisonmouth, AL 92511"
10293,Nicole Hall,vgarner@example.com,380.918.6485x623,"23376 Jensen Prairie
Richardsmouth, UT 93890"
10211,Samantha Booker,russelljason@example.org,731.456.3495,"34340 Amber Summit Suite 626
Lake Jenniferton, MP 05353"
10271,Julie Robertson,janetchandler@example.org,001-536-399-0966x5806,"Unit 1034 Box 5359
DPO AP 64595"
10265,Linda Simon,brianvazquez@example.net,374.618.1331x542,"442 Compton Wall Apt. 740
South Erikbury, MT 57414"
10460,Gerald Wright,terrigibson@example.org,558-633-4133x06516,"94643 Victoria Ways
North Brian, IN 22598"
10250,Stacey Griffith,danielle77@example.org,(806)802-5107,"5474 Scott Port
North Meganside, AK 11767"
10489,Tammy Moore,cdixon@example.com,545-259-3708,"3201 Johnson Pike
Camposmouth, WY 38642"
10210,John Sparks,jacobspeter@example.org,711.775.0135x311,"USCGC Kim
FPO AP 18041"
10079,Marissa Simon,carterbenjamin@example.com,735-765-4349,"769 Christopher Square
Port Sharon, VA 63780"
10370,Andrea Reynolds,megan16@example.org,541-361-8837x14544,"36947 Alexander Rest Suite 152
West Jasonmouth, NM 41743"
10038,Rodney Brown DDS,toddrussell@example.com,001-610-651-3256x654,"96123 Burke Key Apt. 349
East Deniseshire, IA 62980"
10155,Matthew Rios,grace40@example.com,+1-669-356-2748x97473,"4851 Johnson Hill Suite 251
Port Jason, ID 12111"
10449,Lance Jackson,johnsonkatherine@example.org,930-453-4981x7606,"040 Reynolds Radial
Rojasmouth, WV 26304"
10344,William Beard,curtisjones@example.net,(508)415-6985,"256 Mia Common Apt. 771
Thorntonchester, DE 21822"
10063,Sara Holmes,vhaley@example.net,(324)333-5058,"318 Cristina Field
Elliotthaven, MA 13922"
10345,Susan Miller,leerobert@example.org,001-452-940-3899x45940,"2846 Howard Neck Suite 567
South Lauren, UT 71773"
10080,Christopher Stokes,trevor94@example.com,001-305-685-9271x7885,"USNV Mcintosh
FPO AE 74024"
10475,Mary Escobar,pughanthony@example.org,4856617157,"4324 Ramirez Roads
Deanville, AR 12700"
10062,Haley Thomas,jacob52@example.com,2346248597,"0588 Burnett Locks
South Kaylastad, DE 15300"
10070,Samantha Johnson,kelly12@example.net,001-666-854-1048x611,"7172 Sarah Wall
North Amanda, NH 00526"
10337,Jared Herrera,smithlarry@example.net,237-520-2206,"9738 Lori Junctions Apt. 243
Pinedaborough, WV 12447"
10037,Kimberly Michael,charleshernandez@example.org,+1-228-238-3299x07073,"24927 Mark Radial
Richardsbury, DC 83007"
10284,Corey Jackson,orobertson@example.com,380.870.0506,"77711 Adams Bridge
South Joseph, ND 88689"
10327,Savannah Cameron,ashleydaniels@example.net,+1-903-474-7429,"898 Madden Grove Apt. 628
West Rhonda, IL 25976"
10458,William Jackson,kaiserjonathan@example.net,975-240-2923x2064,"83137 Arthur Turnpike
Kristinestad, LA 55270"
10172,Thomas Barrett,timothyedwards@example.com,001-588-501-4382,"Unit 2869 Box 2087
DPO AP 87080"
10006,Natalie Patterson,steelemegan@example.org,634-837-4821x349,"9635 Anthony Haven Suite 782
East Danielle, MS 88726"
10048,Brian Taylor,teresa28@example.com,+1-902-684-2272x487,"45619 Harris Trail Apt. 689
Lake Jeffrey, OH 90075"
10301,Richard Thompson,jkennedy@example.net,(417)313-4382x610,"774 Scott Pike Suite 907
North Charlestown, ID 78283"
10097,Guy Dawson,douglasamber@example.org,462-296-6043,"8181 Valerie Gateway Apt. 851
Josephchester, WV 37420"
10170,Monica Owen,ronald08@example.com,603-503-2737x34409,"97075 Long Glens Suite 566
South Clintonchester, DE 89708"
10082,Megan Davis,coopereric@example.net,001-621-733-8345x891,"3385 Melissa Pines
West Jeremystad, IA 67975"
10248,Anthony Kim,kristievazquez@example.org,968.648.9710,"57471 Perry Flat Apt. 525
Lake Monica, KS 79416"
10491,Christopher Howard,moniquelopez@example.com,991.235.6968x12867,"7367 Mills Camp
East Chad, PW 32145"
10122,Preston Francis,sandy74@example.net,(760)840-7211x44383,"77805 Bennett Valley Suite 649
New Karlahaven, AK 03603"
10497,Ashley Williams,valeriegarcia@example.net,766-375-2332x831,"371 Michael Via
Lake Mary, RI 11729"
10204,Jennifer Travis,robertharvey@example.org,378-939-4395,"USS Page
FPO AP 50552"
10493,Mary Mckee,angelasanchez@example.org,479-566-8528,"USNS Jacobs
FPO AE 89511"
10137,Emily Ramsey,xatkins@example.org,+1-722-515-9671x61348,"3945 Brianna Landing
East Timothy, WV 67178"
10214,William Kim,maria41@example.com,885-621-7120x92402,"57736 Stephanie Skyway
Lake Jeffrey, NC 90383"
10010,Jasmine Maldonado,williamharrison@example.net,(944)237-0641x0693,"523 Washington Skyway Apt. 625
East Thomas, TX 81217"
10454,Rachael Ramos,stephaniehester@example.com,505-610-4195x7953,"115 Jill Causeway
Petersonmouth, CT 73022"
10348,Jennifer Jackson,johnsonjennifer@example.org,970-747-6330,"348 William Rapid Suite 246
Taylorborough, ID 45099"
10240,Ashley Wallace,katelyn96@example.com,(949)596-3425,"7007 Richard Key
Port Wandaside, WA 03705"
10399,William Johns,howardmegan@example.com,848-416-7540,"Unit 6005 Box 1042
DPO AP 33852"
10348,Joseph Kelly,sarah87@example.org,001-372-872-3864x48372,"079 Robertson Estates
Ryanhaven, MS 55576"
10367,Diana Lewis,ipalmer@example.net,2418001480,"76042 Hamilton Mews Suite 149
Melissaport, ME 37105"
10312,Amber Contreras,patrickdiaz@example.org,207-293-4659x7968,"0888 Jeffrey Plains
Williamston, NJ 87705"
10381,Ryan Martinez,qbailey@example.com,(216)439-7777x572,"Unit 5805 Box 9927
DPO AP 33702"
10084,Stephanie Garcia,leonardstephen@example.com,982.484.9068,"22945 Dennis Ramp Suite 691
Dylanton, IA 79149"
10278,Samantha Benitez,justinjames@example.net,001-277-907-1774x031,"98445 Timothy Wells Apt. 656
Johnhaven, CA 31052"
10195,Thomas Anderson,fhart@example.org,001-368-291-4709x7516,"913 Amber View Suite 680
New Robert, MH 59884"
10486,Jeremy Ortega,jwatts@example.org,+1-256-419-4754x2401,"8856 Dean Via Suite 697
Lake Edward, VI 58720"
10279,Sharon Baker,denise71@example.org,+1-466-348-9183,"23434 Jacqueline Forks Apt. 350
Ericland, NH 97253"
10138,Claire Garcia,calebjames@example.com,8294478979,"382 Richardson Pike Suite 484
Reyesmouth, MS 62648"
10241,Gary Kramer,alexandraadams@example.com,001-250-948-0846x050,"1569 George Rest Apt. 272
North Carmen, AS 50103"
10212,Caleb Clark,lindahughes@example.org,875-756-2348,"Unit 4296 Box 5430
DPO AA 44424"
10474,Christopher Smith,delgadomaria@example.com,001-485-781-3319x9099,"PSC 9344, Box 1059
APO AP 43751"
10218,John Allison,ubrown@example.net,001-948-409-9801,"15450 James Station
South Heather, IA 85848"
10369,Thomas Bauer,xperry@example.net,001-362-277-5173x90529,"0361 Debbie Vista Suite 603
New Kristinamouth, FL 68573"
10131,Zachary Gonzales,hooverthomas@example.org,+1-786-724-1024x4549,"91486 Katherine Islands
Pachecoland, LA 98411"
10037,Robert Walters,john92@example.net,+1-760-777-4851x518,"7147 Miller Forge
Kevinshire, IA 68846"
10152,Amy Wood,julie52@example.net,001-948-228-5119x206,"639 Jesse Field
West Leslie, CT 92629"
10404,Kimberly Marquez,mcdonaldadam@example.net,872-302-4122,"PSC 1917, Box 5739
APO AE 93043"
10061,Kimberly Bullock,pamela78@example.net,214.924.5689,"41168 Gordon Square Apt. 143
Spencerberg, WA 69416"
10267,Allen Higgins,anthonyhopkins@example.net,471-468-7308x63810,"64578 Dunn Mall
Port Benjaminfort, DE 67726"
10119,Daniel Miller,kellyjennifer@example.org,(268)650-8309,"3577 Hood Port Suite 416
Josephmouth, GU 92266"
10355,Edward Gonzalez,dwalsh@example.net,477-736-9347x3682,"144 Taylor Knolls
New Cassandramouth, MN 20975"
10138,Robin Roberson,mvelasquez@example.net,(871)513-2638x41932,"0144 Sanchez Square
Port Cindyton, ME 74786"
10083,Andrew Barnes,christian59@example.org,+1-864-526-1111x41530,"360 Reginald Corners
West Melissaport, DC 33869"
10346,Shane Ayers,ggriffin@example.org,(217)505-1361x02058,"18612 Aaron Summit
North Clinton, MA 59811"
10328,Thomas Johnson,poncejacqueline@example.org,989-681-8212x21435,"USNS Brown
FPO AP 22104"
10140,Erin White,pamelatucker@example.org,7043263150,"583 David Stravenue
North Nicole, UT 93614"
10180,David Johnson,ktyler@example.com,630-609-3938x074,"6562 Ward Stravenue Suite 157
Amandaton, MS 29169"
10431,Emily Fuller,nathansingh@example.org,407-618-5788x265,"3193 Osborn Inlet Apt. 503
North Stephanieborough, NC 72047"
10137,Brian Dougherty,alanmendoza@example.org,438-703-6216x81407,"0291 Erica Pike
Racheltown, MA 63859"
10183,Janice Christian,brownjessica@example.com,381.422.9147x4930,"2736 Frank Run
Vanessatown, AL 54160"
10461,Ryan Perez,gmcdaniel@example.net,001-657-825-3176,"Unit 3755 Box 3744
DPO AP 60312"
10001,Melanie Ward,gonzalezamy@example.org,3334081934,"PSC 2350, Box 9770
APO AP 98646"
10471,Robin Morris,bwilson@example.net,830.824.4735x076,"70166 Alexander Road Suite 795
East Jenniferfurt, OK 41266"
10113,Christine Shepard,dprince@example.com,938.604.3303x5794,"846 Catherine Drive
West Michaelborough, IN 02037"
10253,Kim Hayes,tcampbell@example.org,001-735-336-8227,"346 Bell Ways
Williamview, AZ 11106"
10051,Derrick Ramos,christopherhicks@example.org,403.607.4959x369,"8087 Mary Stravenue Suite 405
Johnbury, VA 11542"
10207,Nicole Reynolds,phardy@example.com,001-861-255-0903x54996,"17065 Michael Mills Suite 219
New Susanport, DC 64050"
10022,Timothy Chavez,brady56@example.com,001-849-852-6261x62018,"4647 John Fall Apt. 390
Port Sonyafort, FL 05805"
10353,Todd Ayala,juandavis@example.com,+1-656-742-7904x647,"223 Berry Loaf Suite 818
Bettyfort, WY 84769"
10334,Alexander Meyer,mullenmichael@example.net,(251)709-4704,"1539 Newman Green Apt. 947
West Lee, CT 84258"
10323,Brittany Larson,owensdonna@example.com,424-896-0587,"01938 Benjamin Circle
Schultzport, OH 10468"
10393,Edward Cherry,kennethgarrett@example.org,(218)960-8657x085,"97468 Mueller Flats Apt. 427
Laurastad, FL 70819"
10144,Rebecca Thompson,smithjuan@example.net,001-529-499-7761x6616,"770 Rodriguez Burgs
Dianechester, OK 65888"
10313,Elaine Stephenson,rkidd@example.net,(342)730-9362x800,"9806 Garcia Falls
Woodardfort, IA 30466"
10025,David Patterson,stephanie09@example.com,(865)496-0687x64000,"50324 Nicole Estates
East Christina, PA 64531"
10070,Christine Scott,lindsey98@example.org,(554)742-2552x51117,"01226 Eric Motorway Suite 075
New Tina, MI 70463"
10190,Ashley Scott,darryljackson@example.net,824-309-7906,"130 Michael Lodge
Dalemouth, HI 02741"
10134,Hannah Delacruz,uhill@example.net,+1-992-941-7387x2857,"9149 Stacy Inlet Apt. 754
Marshallbury, AL 13152"
10196,Heather Swanson,emily64@example.org,(333)247-3338x57086,"4209 Stephanie Crossing Apt. 358
Garciaton, IN 61040"
10456,Brenda Jones,ralph22@example.net,7743039877,"PSC 7229, Box 9341
APO AP 38872"
10354,Karen Parker,jasmine57@example.com,230.654.4719,"5637 Spencer Mission Suite 860
North Peterport, NY 94311"
10349,Jared Hunt,allisonbenitez@example.net,001-600-522-8951x50661,"49329 Allison Springs Apt. 043
Basston, NC 16181"
10453,Christopher Wolfe,brian79@example.net,(457)656-0067x53710,"38901 Amber Rapids
New Bobby, GA 54539"
10353,Daniel Robinson,jeffersonalexa@example.net,(683)944-3196x0035,"821 Roberts Orchard Apt. 345
South Lauren, ME 43046"
10116,Lisa Moody,brandon55@example.com,384.345.3357,"USS Butler
FPO AP 26629"
10204,Hayley Lutz,juan07@example.com,471.354.8022x53101,"866 Adams Spring
West Brandonfurt, WV 76994"
10010,David Green,phernandez@example.com,001-669-987-5943x9466,"8521 Wendy Lake
Collinsstad, GA 10344"
10409,Veronica Ballard,david37@example.org,583.344.0227x2260,"70367 Deborah Circles Apt. 742
Danielville, MO 78582"
10490,Anna Ortiz,kyle01@example.com,+1-249-893-7017x45006,"316 Melissa Springs Suite 931
Williamsburgh, AR 08165"
10330,Robert Perry,juliaharris@example.net,001-221-891-8900x0744,"17717 Brandon Rue Suite 829
New Cynthia, MH 36035"
10008,Priscilla Mckinney,lauren61@example.net,(359)821-8735x35269,"722 Stewart Villages Suite 810
Shannonside, ID 97668"
10267,Jacob Torres,hayesmatthew@example.com,001-403-497-6166x48892,"6201 Christy Bypass
New Davidshire, SC 29130"
10101,Ana Ross,mariabarr@example.org,(224)999-9640,"0129 Baker Square Suite 532
Port Christianborough, AK 30034"
10220,Melissa Valdez,blopez@example.net,001-531-519-9912,"1586 Harris Mountain Suite 019
Port Shawn, AK 01676"
10120,Samantha James,sanchezwilliam@example.com,001-458-515-0193x82840,"57726 Jodi Courts
Morrowshire, TX 17342"
10357,Michael Jenkins,melissa72@example.com,430.394.3845,"8080 Walker Mountain
East Joelton, NV 29663"
10070,Joseph Price,smithwhitney@example.net,571.638.1795x1475,"68553 Abigail Viaduct Apt. 116
Homouth, TX 47767"
10145,Wesley Davis,prubio@example.org,(911)945-6204x4402,"43422 Hutchinson Plain Suite 618
Rachaelchester, ND 73133"
10420,Isabella Lee,isaac78@example.net,988.325.2492,"85841 Parks Court
Port Erica, NY 76490"
10240,Nicholas White,xfry@example.org,(684)948-9921,"9490 Benjamin Forges Suite 057
East Ashleytown, WA 07216"
10249,Melissa Jackson,cmason@example.org,220.952.5633x2450,"081 Pedro Branch Suite 248
Lake Gregorystad, VT 45426"
10228,Ronald Castro,stephenhutchinson@example.org,(686)512-3022x1351,"038 Huff Divide
Wadeland, AS 04811"
10306,Eileen Klein,shawn00@example.com,837.531.2293x9158,"329 Richard Club Suite 539
Millerfurt, GA 29247"
10315,Michael Cox,timhahn@example.org,(243)737-4680,"USNS Wilson
FPO AP 40769"
10149,Janice Gomez,greendavid@example.net,4714159723,"075 Mathews Shoal Suite 416
Cortezton, MT 18679"
10330,Bruce Chapman,kimberlyjames@example.net,545.463.5344,"USCGC Le
FPO AP 04485"
10170,William Suarez,bianca89@example.org,(607)643-7991x2314,"5776 Yu Stravenue Suite 074
Port Christopher, CT 48785"
10304,Francisco Morris,michaelyoung@example.net,(494)896-5869x4293,"621 Rickey Locks Suite 295
West Hannahville, VA 32183"
10440,Rhonda Barker,brian72@example.org,001-829-435-4599x2988,"845 Ricardo Groves Suite 432
East Jennifer, HI 14439"
10258,Brandon Howard,xroberts@example.net,(487)544-9347x24547,"41223 Bridges Union Suite 212
East Julie, MD 48408"
10332,Holly Henderson,tonya36@example.net,+1-292-990-0372,"55863 Randolph Rapids Suite 735
East Bethfurt, CA 12646"
10087,Christina Williams,deanna57@example.org,762-472-5812x136,"0880 Wanda Forks
East Garyburgh, VT 60573"
10309,Jeremy May,eric59@example.net,373.901.8396x69860,"PSC 5002, Box 1454
APO AP 57984"
10323,Shannon Keith,fjohnson@example.net,592-470-5107,"645 Shannon Trail
East Andrew, VA 78668"
10334,Rodney Hess,christygreen@example.org,678.732.9517x74945,"8968 Tina Pass Apt. 060
Bonniefort, MP 65820"
10237,Nicholas Smith,fgordon@example.net,711-988-3179x070,"29553 Washington Locks
Port Sonya, MS 61350"
10011,Tammy Miller,tcarroll@example.org,+1-894-304-0790,"52093 Moore Orchard
Ericmouth, MN 50935"
10450,Darren Barron,rphelps@example.com,390-817-9066,"639 Lauren Rue
Kellyton, FM 65012"
10150,Gabriella Cox,john76@example.com,879.509.3734,"397 Mccoy Turnpike
Port Jennifer, SD 25131"
10393,Brandon Casey,figueroanatasha@example.com,650.997.5722,"767 Thompson Station Apt. 019
West Tammytown, WI 24633"
10461,Brenda Love,lrandall@example.net,380.476.1533x5260,"PSC 1513, Box 1183
APO AA 56217"
10109,Christopher Stevens,gonzaleztanya@example.com,934.391.0893,"76496 Hayes Lock
East Chelseyview, IL 51306"
10288,Susan Williams,steve46@example.com,001-431-300-0023,"148 Christopher Glens Apt. 231
Port John, PR 11039"
10229,James Owens,bpotts@example.net,460.387.7950x22770,"1058 Stefanie Route Apt. 174
South Brandi, HI 81734"
10390,Jeffrey Patel,michellesalas@example.net,277-328-7136,"641 Jensen Fords Suite 484
Lake Scotthaven, UT 08985"
10240,Nathan Smith,orojas@example.net,977-800-1746x47992,"85100 George Creek
North Adrian, GA 37406"
10390,Vanessa Romero,ramirezjonathan@example.org,(608)752-1163x71874,"593 Jeffrey Estate Apt. 334
New Samantha, SC 74553"
10171,Michael Miller,zcoleman@example.com,888-771-1506x80294,"PSC 5445, Box 6231
APO AE 79677"
10202,Robert Brown DVM,lauriesmith@example.net,+1-366-631-5625x2332,"75565 Garcia Port
Arthurborough, UT 87003"
10360,Amanda West,codybaker@example.org,+1-674-340-8774x735,"USNS Edwards
FPO AE 27797"
10096,Ronald Richards,murphymaria@example.com,(237)975-8515,"80719 Rodriguez Divide
East Kelly, DE 94070"
